{
  "accuracy": 0.898,
  "auc_roc": 0.9729963961564382,
  "cv_mean": 0.895125,
  "cv_std": 0.004426482802406431,
  "n_train": 8000,
  "n_test": 2000
}